name,email,password,has_voted
Elijah Towhey,voter1@test.com,123456,FALSE
Estella Besset,voter2@test.com,123456,FALSE
Hyacintha Westfield,voter3@test.com,123456,FALSE
Tess Rushman,voter4@test.com,123456,FALSE
Godiva Hryskiewicz,voter5@test.com,123456,FALSE
Sigfried Fyfield,voter6@test.com,123456,FALSE
Rancell Pinke,voter7@test.com,123456,FALSE
Tabina Simioli,voter8@test.com,123456,FALSE
Bastien Di Pietro,voter9@test.com,123456,FALSE
Anastassia O'Kinedy,voter10@test.com,123456,FALSE
Cornelia Wyatt,voter11@test.com,123456,FALSE
Melitta Gullivan,voter12@test.com,123456,FALSE
Pattie Reedyhough,voter13@test.com,123456,FALSE
Carolus Collinwood,voter14@test.com,123456,FALSE
Brear Clulee,voter15@test.com,123456,FALSE
Joice Galliver,voter16@test.com,123456,FALSE
Matty Fritschmann,voter17@test.com,123456,FALSE
Derick Scorer,voter18@test.com,123456,FALSE
Moll Corbie,voter19@test.com,123456,FALSE
Natal Hamor,voter20@test.com,123456,FALSE
Jana Poxton,voter21@test.com,123456,FALSE
Michal Venables,voter22@test.com,123456,FALSE
Richy Spellar,voter23@test.com,123456,FALSE
Nikolos Cholwell,voter24@test.com,123456,FALSE
Katti Summerton,voter25@test.com,123456,FALSE
Idell McGhee,voter26@test.com,123456,FALSE
Tatum Josiah,voter27@test.com,123456,FALSE
Sarette Geffen,voter28@test.com,123456,FALSE
Gillie Dowrey,voter29@test.com,123456,FALSE
Rebbecca Creamer,voter30@test.com,123456,FALSE
Becky Sings,voter31@test.com,123456,FALSE
Tom Carnihan,voter32@test.com,123456,FALSE
Murvyn Twitty,voter33@test.com,123456,FALSE
Lynsey Yellowlees,voter34@test.com,123456,FALSE
Linn Strick,voter35@test.com,123456,FALSE
Lyndel Alywen,voter36@test.com,123456,FALSE
Gabbi Iddison,voter37@test.com,123456,FALSE
Anson Whiteside,voter38@test.com,123456,FALSE
Alina Hoodlass,voter39@test.com,123456,FALSE
Rose Cartwright,voter40@test.com,123456,FALSE
Analise Harbin,voter41@test.com,123456,FALSE
Cynthie Inkster,voter42@test.com,123456,FALSE
Gay Foulstone,voter43@test.com,123456,FALSE
Raymund Mashal,voter44@test.com,123456,FALSE
Giff Sappy,voter45@test.com,123456,FALSE
Modestia Ibarra,voter46@test.com,123456,FALSE
Rhoda Bazeley,voter47@test.com,123456,FALSE
Jonathon Downing,voter48@test.com,123456,FALSE
Wilden Daveren,voter49@test.com,123456,FALSE
Thorpe Andreutti,voter50@test.com,123456,FALSE
Kinnie Mattheus,voter51@test.com,123456,FALSE
Maurise Redihough,voter52@test.com,123456,FALSE
Rafe Seilmann,voter53@test.com,123456,FALSE
Rosmunda Venus,voter54@test.com,123456,FALSE
Alfred Rahl,voter55@test.com,123456,FALSE
Gar Stack,voter56@test.com,123456,FALSE
Haily Whodcoat,voter57@test.com,123456,FALSE
Jonas Norledge,voter58@test.com,123456,FALSE
Sigismond Grotty,voter59@test.com,123456,FALSE
Bran Conen,voter60@test.com,123456,FALSE
Wilow Molyneux,voter61@test.com,123456,FALSE
Dirk Deshon,voter62@test.com,123456,FALSE
Kattie Worral,voter63@test.com,123456,FALSE
Penny Lanfer,voter64@test.com,123456,FALSE
Micheline Rasp,voter65@test.com,123456,FALSE
Avril Dowd,voter66@test.com,123456,FALSE
Andra de Voiels,voter67@test.com,123456,FALSE
Valentia Szimon,voter68@test.com,123456,FALSE
Norma Hyde-Chambers,voter69@test.com,123456,FALSE
Wynn Zohrer,voter70@test.com,123456,FALSE
Olimpia Bartczak,voter71@test.com,123456,FALSE
Alexio Garnul,voter72@test.com,123456,FALSE
Ara Richarz,voter73@test.com,123456,FALSE
Farlay Dooland,voter74@test.com,123456,FALSE
Rubina Bigglestone,voter75@test.com,123456,FALSE
Ernst Carbery,voter76@test.com,123456,FALSE
Jerrome Ribeiro,voter77@test.com,123456,FALSE
Beauregard Hubback,voter78@test.com,123456,FALSE
Brandtr Laxtonne,voter79@test.com,123456,FALSE
Dorothy Goudy,voter80@test.com,123456,FALSE
Lawton Jordin,voter81@test.com,123456,FALSE
Leela Seldner,voter82@test.com,123456,FALSE
Dona Gitting,voter83@test.com,123456,FALSE
Gerry Clemonts,voter84@test.com,123456,FALSE
Cacilia Franciotti,voter85@test.com,123456,FALSE
Dyann Ekins,voter86@test.com,123456,FALSE
Vikky Karchewski,voter87@test.com,123456,FALSE
Carlotta Ivanets,voter88@test.com,123456,FALSE
Martie Jeandon,voter89@test.com,123456,FALSE
Lilli Fossord,voter90@test.com,123456,FALSE
Denys Dawney,voter91@test.com,123456,FALSE
Krista Ickeringill,voter92@test.com,123456,FALSE
Henrik Janaszewski,voter93@test.com,123456,FALSE
Gerome Davidde,voter94@test.com,123456,FALSE
Algernon Pach,voter95@test.com,123456,FALSE
Lucila Gammell,voter96@test.com,123456,FALSE
Burtie Lacheze,voter97@test.com,123456,FALSE
Druci Altham,voter98@test.com,123456,FALSE
Worden Rowlett,voter99@test.com,123456,FALSE
Erwin Rouchy,voter100@test.com,123456,FALSE
Xymenes Rollett,voter101@test.com,123456,FALSE
Valaria Magauran,voter102@test.com,123456,FALSE
Adella Audsley,voter103@test.com,123456,FALSE
Malinda Lyte,voter104@test.com,123456,FALSE
Carlen Parysiak,voter105@test.com,123456,FALSE
Cecilla Woodrow,voter106@test.com,123456,FALSE
Immanuel McCaster,voter107@test.com,123456,FALSE
Sylvia Kitter,voter108@test.com,123456,FALSE
Fifine Bath,voter109@test.com,123456,FALSE
Hakeem Nicholls,voter110@test.com,123456,FALSE
Yvon Shanklin,voter111@test.com,123456,FALSE
Shaun Turbern,voter112@test.com,123456,FALSE
Gill Iddons,voter113@test.com,123456,FALSE
Palm Lavington,voter114@test.com,123456,FALSE
Isacco Dundendale,voter115@test.com,123456,FALSE
Shelden Boxhall,voter116@test.com,123456,FALSE
Doris Teideman,voter117@test.com,123456,FALSE
Enrichetta Wayon,voter118@test.com,123456,FALSE
Lucias Sorbey,voter119@test.com,123456,FALSE
Tim Dan,voter120@test.com,123456,FALSE
Dallas Kalberer,voter121@test.com,123456,FALSE
Ruth Shipp,voter122@test.com,123456,FALSE
Felic Corrett,voter123@test.com,123456,FALSE
Kristopher Philippard,voter124@test.com,123456,FALSE
Pippa Yedall,voter125@test.com,123456,FALSE
Jacqui Venning,voter126@test.com,123456,FALSE
Bibbye Phittiplace,voter127@test.com,123456,FALSE
Sianna Graffham,voter128@test.com,123456,FALSE
Karol Kays,voter129@test.com,123456,FALSE
Giuditta Cellone,voter130@test.com,123456,FALSE
Myrah Succamore,voter131@test.com,123456,FALSE
Boycie Stanislaw,voter132@test.com,123456,FALSE
Conrad Oakinfold,voter133@test.com,123456,FALSE
Hernando Hambrook,voter134@test.com,123456,FALSE
Allissa Bligh,voter135@test.com,123456,FALSE
Fanny Matthisson,voter136@test.com,123456,FALSE
Damiano Parham,voter137@test.com,123456,FALSE
Moina McKinney,voter138@test.com,123456,FALSE
Neville Shute,voter139@test.com,123456,FALSE
Margalo Hedderly,voter140@test.com,123456,FALSE
Byrom Carey,voter141@test.com,123456,FALSE
Mirilla Vakhrushin,voter142@test.com,123456,FALSE
Dorian Jennings,voter143@test.com,123456,FALSE
Oralle Bonett,voter144@test.com,123456,FALSE
Arabelle Gimeno,voter145@test.com,123456,FALSE
Gasper Thirwell,voter146@test.com,123456,FALSE
Ki Jiran,voter147@test.com,123456,FALSE
Ugo Klees,voter148@test.com,123456,FALSE
Egan Dray,voter149@test.com,123456,FALSE
Darrelle Rawood,voter150@test.com,123456,FALSE
Editha Hodgen,voter151@test.com,123456,FALSE
Hi Dillistone,voter152@test.com,123456,FALSE
Madelaine Gormley,voter153@test.com,123456,FALSE
Quillan Christescu,voter154@test.com,123456,FALSE
Claudelle Hebblethwaite,voter155@test.com,123456,FALSE
Catarina Buxcey,voter156@test.com,123456,FALSE
Costa Tothe,voter157@test.com,123456,FALSE
Adolphus Goodwill,voter158@test.com,123456,FALSE
Jeralee Tosh,voter159@test.com,123456,FALSE
Aldridge Fike,voter160@test.com,123456,FALSE
Lari Freeburn,voter161@test.com,123456,FALSE
Colver Ber,voter162@test.com,123456,FALSE
Ally Lyne,voter163@test.com,123456,FALSE
Dyane Espinal,voter164@test.com,123456,FALSE
Reba Woolner,voter165@test.com,123456,FALSE
Tobin Mozzi,voter166@test.com,123456,FALSE
Annmarie Eldred,voter167@test.com,123456,FALSE
Amity Drain,voter168@test.com,123456,FALSE
Edgar O'Fihily,voter169@test.com,123456,FALSE
Orel Gunner,voter170@test.com,123456,FALSE
Constancy Kybird,voter171@test.com,123456,FALSE
Mignon Yakunin,voter172@test.com,123456,FALSE
Ellsworth Dober,voter173@test.com,123456,FALSE
Marietta Blaksley,voter174@test.com,123456,FALSE
Boy Biset,voter175@test.com,123456,FALSE
Lisha Kupisz,voter176@test.com,123456,FALSE
Zechariah Martinet,voter177@test.com,123456,FALSE
Willdon Mongan,voter178@test.com,123456,FALSE
Archaimbaud Fegan,voter179@test.com,123456,FALSE
Brewster Deme,voter180@test.com,123456,FALSE
Crista Edmundson,voter181@test.com,123456,FALSE
Luz Have,voter182@test.com,123456,FALSE
Bar Tann,voter183@test.com,123456,FALSE
Dian Malkie,voter184@test.com,123456,FALSE
Howey Eliasen,voter185@test.com,123456,FALSE
Flore Swetmore,voter186@test.com,123456,FALSE
Orbadiah Cranmore,voter187@test.com,123456,FALSE
Sherilyn Ghirigori,voter188@test.com,123456,FALSE
Maryjane McReath,voter189@test.com,123456,FALSE
Gilberto Firmager,voter190@test.com,123456,FALSE
Edyth Durham,voter191@test.com,123456,FALSE
Kelli MacMoyer,voter192@test.com,123456,FALSE
Keene Rodger,voter193@test.com,123456,FALSE
Euphemia Tollow,voter194@test.com,123456,FALSE
Lulu Chatel,voter195@test.com,123456,FALSE
Archy O'Skehan,voter196@test.com,123456,FALSE
Garnet Imlaw,voter197@test.com,123456,FALSE
Dora Josefs,voter198@test.com,123456,FALSE
Maiga Love,voter199@test.com,123456,FALSE
Rees Ralls,voter200@test.com,123456,FALSE
Inez Mayte,voter201@test.com,123456,FALSE
Meaghan Cogdon,voter202@test.com,123456,FALSE
Rosalinde Awcock,voter203@test.com,123456,FALSE
Wyndham Dyas,voter204@test.com,123456,FALSE
Lorry Ratie,voter205@test.com,123456,FALSE
Rosaleen Miell,voter206@test.com,123456,FALSE
Daria Frankish,voter207@test.com,123456,FALSE
Godwin Chittie,voter208@test.com,123456,FALSE
Granny Gaddesby,voter209@test.com,123456,FALSE
Elvin Casswell,voter210@test.com,123456,FALSE
Vilma Crinidge,voter211@test.com,123456,FALSE
Muire Pantling,voter212@test.com,123456,FALSE
Brooke Valero,voter213@test.com,123456,FALSE
Florella Harradence,voter214@test.com,123456,FALSE
Jinny Valentelli,voter215@test.com,123456,FALSE
Erna Joselevitch,voter216@test.com,123456,FALSE
Candida Carlucci,voter217@test.com,123456,FALSE
Julianna Christofe,voter218@test.com,123456,FALSE
Pippy Fandrey,voter219@test.com,123456,FALSE
Leonidas Gerhartz,voter220@test.com,123456,FALSE
Wilburt Danielsson,voter221@test.com,123456,FALSE
Opaline Gracey,voter222@test.com,123456,FALSE
Ruthie Lowell,voter223@test.com,123456,FALSE
Gaye Mapplethorpe,voter224@test.com,123456,FALSE
Gilbertine Halloran,voter225@test.com,123456,FALSE
Rodolphe McKeag,voter226@test.com,123456,FALSE
Elisabetta Jacobowits,voter227@test.com,123456,FALSE
Bridgette Byard,voter228@test.com,123456,FALSE
Ernesta Longstreet,voter229@test.com,123456,FALSE
Carlye Cornewell,voter230@test.com,123456,FALSE
Judie Leatham,voter231@test.com,123456,FALSE
Sigfrid Usmar,voter232@test.com,123456,FALSE
Coral Hauck,voter233@test.com,123456,FALSE
Harriott Duxbarry,voter234@test.com,123456,FALSE
Aymer Espinos,voter235@test.com,123456,FALSE
Saundra Cerith,voter236@test.com,123456,FALSE
Xenos Motto,voter237@test.com,123456,FALSE
Shauna Bourgeois,voter238@test.com,123456,FALSE
Angeline Yukhnin,voter239@test.com,123456,FALSE
Nicky Herrema,voter240@test.com,123456,FALSE
Torin Winscum,voter241@test.com,123456,FALSE
Aundrea Nicholls,voter242@test.com,123456,FALSE
Berri Scrine,voter243@test.com,123456,FALSE
Benedicto Goldine,voter244@test.com,123456,FALSE
Marian Gullane,voter245@test.com,123456,FALSE
Luce Silbert,voter246@test.com,123456,FALSE
Ewen Grigorey,voter247@test.com,123456,FALSE
Anson Ethelstone,voter248@test.com,123456,FALSE
Raf Jindrich,voter249@test.com,123456,FALSE
Clari Munslow,voter250@test.com,123456,FALSE
Imelda Adkins,voter251@test.com,123456,FALSE
Betta Franscioni,voter252@test.com,123456,FALSE
Alfreda Bowick,voter253@test.com,123456,FALSE
Osmond Ducarne,voter254@test.com,123456,FALSE
My Schoales,voter255@test.com,123456,FALSE
Juanita Swyndley,voter256@test.com,123456,FALSE
Alec Dossantos,voter257@test.com,123456,FALSE
Sullivan Farries,voter258@test.com,123456,FALSE
Briney Davidovsky,voter259@test.com,123456,FALSE
Frasquito Mordin,voter260@test.com,123456,FALSE
Huntley Pirot,voter261@test.com,123456,FALSE
Hewe Hayth,voter262@test.com,123456,FALSE
Mahala Seldon,voter263@test.com,123456,FALSE
Bertine Ricciardelli,voter264@test.com,123456,FALSE
Theo Spread,voter265@test.com,123456,FALSE
Odella Crisford,voter266@test.com,123456,FALSE
Rodolphe Mingame,voter267@test.com,123456,FALSE
Tom Shuttell,voter268@test.com,123456,FALSE
Chastity Ealam,voter269@test.com,123456,FALSE
Catarina Ferfulle,voter270@test.com,123456,FALSE
Berte Mainstone,voter271@test.com,123456,FALSE
Carver O'Dare,voter272@test.com,123456,FALSE
Bartholomew Dixey,voter273@test.com,123456,FALSE
Randa Paudin,voter274@test.com,123456,FALSE
Barney Lattie,voter275@test.com,123456,FALSE
Daffy Dreher,voter276@test.com,123456,FALSE
Tomasine Helstrip,voter277@test.com,123456,FALSE
Alexandre Kender,voter278@test.com,123456,FALSE
Thorvald Naldrett,voter279@test.com,123456,FALSE
Garik McAlister,voter280@test.com,123456,FALSE
Holmes Beacon,voter281@test.com,123456,FALSE
Stepha Britner,voter282@test.com,123456,FALSE
Talyah Pioch,voter283@test.com,123456,FALSE
Reinaldo Schuck,voter284@test.com,123456,FALSE
Margaret Hanbury,voter285@test.com,123456,FALSE
Bobbie Varsey,voter286@test.com,123456,FALSE
Carr Muris,voter287@test.com,123456,FALSE
Candi Badcock,voter288@test.com,123456,FALSE
Gerianna Treven,voter289@test.com,123456,FALSE
Rosemonde Marikhin,voter290@test.com,123456,FALSE
Ashil Conerding,voter291@test.com,123456,FALSE
Allyn Canedo,voter292@test.com,123456,FALSE
Sawyere Warbrick,voter293@test.com,123456,FALSE
Rasia Girk,voter294@test.com,123456,FALSE
Fiona Cappineer,voter295@test.com,123456,FALSE
Carilyn Valdes,voter296@test.com,123456,FALSE
Aleta Bortolutti,voter297@test.com,123456,FALSE
Nicol Runcieman,voter298@test.com,123456,FALSE
Maud Beddard,voter299@test.com,123456,FALSE
Marion Murra,voter300@test.com,123456,FALSE
Finn Emney,voter301@test.com,123456,FALSE
Susann Pilger,voter302@test.com,123456,FALSE
Estell Filchagin,voter303@test.com,123456,FALSE
Tierney Rottger,voter304@test.com,123456,FALSE
Say Hast,voter305@test.com,123456,FALSE
Misti Wearn,voter306@test.com,123456,FALSE
Porty Cawsy,voter307@test.com,123456,FALSE
Curr Offin,voter308@test.com,123456,FALSE
Toma Shurman,voter309@test.com,123456,FALSE
Tilda Chicchelli,voter310@test.com,123456,FALSE
Malanie Birchner,voter311@test.com,123456,FALSE
Rikki Alcorn,voter312@test.com,123456,FALSE
Seka Stambridge,voter313@test.com,123456,FALSE
Val Lafranconi,voter314@test.com,123456,FALSE
Tracy Ormond,voter315@test.com,123456,FALSE
Nettie Hoy,voter316@test.com,123456,FALSE
Markos Jeromson,voter317@test.com,123456,FALSE
Templeton Goodredge,voter318@test.com,123456,FALSE
Maitilde Halsall,voter319@test.com,123456,FALSE
Kizzie Colt,voter320@test.com,123456,FALSE
Blanca Eamer,voter321@test.com,123456,FALSE
Carlene Cuncliffe,voter322@test.com,123456,FALSE
Rita Jesty,voter323@test.com,123456,FALSE
Alfy Bitcheno,voter324@test.com,123456,FALSE
Becca Bryns,voter325@test.com,123456,FALSE
Pete Maffeo,voter326@test.com,123456,FALSE
Gui Trueman,voter327@test.com,123456,FALSE
Noam Dudney,voter328@test.com,123456,FALSE
Gipsy Ashford,voter329@test.com,123456,FALSE
Carleen Carss,voter330@test.com,123456,FALSE
Vincenz Sanchis,voter331@test.com,123456,FALSE
Paige Adelberg,voter332@test.com,123456,FALSE
Guilbert Boecke,voter333@test.com,123456,FALSE
Babbie Varcoe,voter334@test.com,123456,FALSE
Barth Breslin,voter335@test.com,123456,FALSE
Cal Lade,voter336@test.com,123456,FALSE
Jacob Lambart,voter337@test.com,123456,FALSE
Walsh Castelain,voter338@test.com,123456,FALSE
Bessie Sones,voter339@test.com,123456,FALSE
Concettina Tweede,voter340@test.com,123456,FALSE
Shina Beaman,voter341@test.com,123456,FALSE
Rog Stirman,voter342@test.com,123456,FALSE
Blair Olorenshaw,voter343@test.com,123456,FALSE
Dannie Simeonov,voter344@test.com,123456,FALSE
Doroteya Huntar,voter345@test.com,123456,FALSE
Dominique Jolland,voter346@test.com,123456,FALSE
Jess Ladson,voter347@test.com,123456,FALSE
Brandon Tremain,voter348@test.com,123456,FALSE
Emelen Richel,voter349@test.com,123456,FALSE
Desmond Unwin,voter350@test.com,123456,FALSE
Lindy Trime,voter351@test.com,123456,FALSE
Isidora Dymocke,voter352@test.com,123456,FALSE
Fredrick Mattioli,voter353@test.com,123456,FALSE
Craggy Akrigg,voter354@test.com,123456,FALSE
Latisha Alker,voter355@test.com,123456,FALSE
Roderigo Gration,voter356@test.com,123456,FALSE
Juliann Moralas,voter357@test.com,123456,FALSE
Gweneth Schwander,voter358@test.com,123456,FALSE
Tobe Lenin,voter359@test.com,123456,FALSE
Cher Arthy,voter360@test.com,123456,FALSE
Cecile Hammatt,voter361@test.com,123456,FALSE
Arliene Ricson,voter362@test.com,123456,FALSE
Conway Whitlow,voter363@test.com,123456,FALSE
Marquita Ledgerton,voter364@test.com,123456,FALSE
Cirilo Garry,voter365@test.com,123456,FALSE
Donaugh Kerner,voter366@test.com,123456,FALSE
Imogene Antat,voter367@test.com,123456,FALSE
Sheila Frangleton,voter368@test.com,123456,FALSE
Lamar Donati,voter369@test.com,123456,FALSE
Danell Blaydon,voter370@test.com,123456,FALSE
Aurthur Osborn,voter371@test.com,123456,FALSE
Erin Lafflin,voter372@test.com,123456,FALSE
Willard Robben,voter373@test.com,123456,FALSE
Corri Manuelli,voter374@test.com,123456,FALSE
Isabelita Skett,voter375@test.com,123456,FALSE
Dorry Tropman,voter376@test.com,123456,FALSE
Twyla Stathers,voter377@test.com,123456,FALSE
Jayme Kirkbright,voter378@test.com,123456,FALSE
Polly Merrall,voter379@test.com,123456,FALSE
Maye Pingston,voter380@test.com,123456,FALSE
Ase Hasty,voter381@test.com,123456,FALSE
Regen Zanicchi,voter382@test.com,123456,FALSE
Arney Colman,voter383@test.com,123456,FALSE
Lauralee Lydiate,voter384@test.com,123456,FALSE
Pedro Mullen,voter385@test.com,123456,FALSE
Neale Cristofor,voter386@test.com,123456,FALSE
Colet Cushworth,voter387@test.com,123456,FALSE
Lida Domenc,voter388@test.com,123456,FALSE
Pammie Hungerford,voter389@test.com,123456,FALSE
Vitia Nehlsen,voter390@test.com,123456,FALSE
Brina Danilov,voter391@test.com,123456,FALSE
Loella Cove,voter392@test.com,123456,FALSE
Flss Valente,voter393@test.com,123456,FALSE
Osbourne Dyball,voter394@test.com,123456,FALSE
Aggie Reading,voter395@test.com,123456,FALSE
Kandy Farington,voter396@test.com,123456,FALSE
Hagen Camillo,voter397@test.com,123456,FALSE
Ezequiel Langshaw,voter398@test.com,123456,FALSE
Lester Dabs,voter399@test.com,123456,FALSE
Alejandro Itzkin,voter400@test.com,123456,FALSE
Adele Hulks,voter401@test.com,123456,FALSE
Donny Astley,voter402@test.com,123456,FALSE
Adelaida Denney,voter403@test.com,123456,FALSE
Thia Mowett,voter404@test.com,123456,FALSE
Kissie Wadmore,voter405@test.com,123456,FALSE
Stavro Elford,voter406@test.com,123456,FALSE
Elsinore Dudenie,voter407@test.com,123456,FALSE
Erica Billiard,voter408@test.com,123456,FALSE
Fanny Binney,voter409@test.com,123456,FALSE
Trever Onthank,voter410@test.com,123456,FALSE
Maribeth Swepson,voter411@test.com,123456,FALSE
Maxie Moxom,voter412@test.com,123456,FALSE
Windham Okeshott,voter413@test.com,123456,FALSE
Melicent McGinly,voter414@test.com,123456,FALSE
Glenden Craxford,voter415@test.com,123456,FALSE
Nickolai Krollman,voter416@test.com,123456,FALSE
Boris Gooley,voter417@test.com,123456,FALSE
Alphonse Bonin,voter418@test.com,123456,FALSE
Van Fulleylove,voter419@test.com,123456,FALSE
Rosalynd Moxon,voter420@test.com,123456,FALSE
Kendell Oseman,voter421@test.com,123456,FALSE
Bing Petschel,voter422@test.com,123456,FALSE
Raymund Tomeo,voter423@test.com,123456,FALSE
Hedwig Gude,voter424@test.com,123456,FALSE
Justinn Okenden,voter425@test.com,123456,FALSE
Marjory Mellanby,voter426@test.com,123456,FALSE
Delmor Corkel,voter427@test.com,123456,FALSE
Dag Walenta,voter428@test.com,123456,FALSE
Darlleen Riddington,voter429@test.com,123456,FALSE
Tess Henrie,voter430@test.com,123456,FALSE
Josias Goretti,voter431@test.com,123456,FALSE
Carol Engelbrecht,voter432@test.com,123456,FALSE
Nance Huntly,voter433@test.com,123456,FALSE
Josiah Tremelling,voter434@test.com,123456,FALSE
Bart Boundy,voter435@test.com,123456,FALSE
Ashil Armer,voter436@test.com,123456,FALSE
Brigitte Byrom,voter437@test.com,123456,FALSE
Roma Detheridge,voter438@test.com,123456,FALSE
Auberon Limming,voter439@test.com,123456,FALSE
Constantine Greiswood,voter440@test.com,123456,FALSE
Ranique Strete,voter441@test.com,123456,FALSE
Standford Phizakarley,voter442@test.com,123456,FALSE
Tamas Egalton,voter443@test.com,123456,FALSE
Dodie Beernt,voter444@test.com,123456,FALSE
Odelinda Sacco,voter445@test.com,123456,FALSE
Marijn Daoust,voter446@test.com,123456,FALSE
Clark Dran,voter447@test.com,123456,FALSE
Louis Antoszczyk,voter448@test.com,123456,FALSE
Rolando Berre,voter449@test.com,123456,FALSE
Finn Isted,voter450@test.com,123456,FALSE
Gertrudis Sondland,voter451@test.com,123456,FALSE
Emmerich Scud,voter452@test.com,123456,FALSE
Nahum Charopen,voter453@test.com,123456,FALSE
Felike Gouny,voter454@test.com,123456,FALSE
Tyrone Scottrell,voter455@test.com,123456,FALSE
Nicolais O'Dee,voter456@test.com,123456,FALSE
Baryram Blade,voter457@test.com,123456,FALSE
Evangelin Dendle,voter458@test.com,123456,FALSE
Skell Simeoni,voter459@test.com,123456,FALSE
Franky Copper,voter460@test.com,123456,FALSE
Grata Pember,voter461@test.com,123456,FALSE
Sherye Repper,voter462@test.com,123456,FALSE
Norry Olyfant,voter463@test.com,123456,FALSE
Bobbie Bratt,voter464@test.com,123456,FALSE
Valentia Coe,voter465@test.com,123456,FALSE
Marcie Sherington,voter466@test.com,123456,FALSE
Kevin Chippindale,voter467@test.com,123456,FALSE
Giovanna Sushams,voter468@test.com,123456,FALSE
Anne-corinne Gelletly,voter469@test.com,123456,FALSE
Sampson Gratten,voter470@test.com,123456,FALSE
Batholomew Cocklin,voter471@test.com,123456,FALSE
Shayla Keener,voter472@test.com,123456,FALSE
Victoir Boothman,voter473@test.com,123456,FALSE
Leanna Philipard,voter474@test.com,123456,FALSE
Duke Cadd,voter475@test.com,123456,FALSE
Dore Brokenshaw,voter476@test.com,123456,FALSE
Domenico Vasyaev,voter477@test.com,123456,FALSE
Jessey Chazier,voter478@test.com,123456,FALSE
Tabby Foreman,voter479@test.com,123456,FALSE
Diena Deaconson,voter480@test.com,123456,FALSE
Miguela Threadkell,voter481@test.com,123456,FALSE
Theda O'Shields,voter482@test.com,123456,FALSE
Christiane Leyshon,voter483@test.com,123456,FALSE
Kinna O'Mara,voter484@test.com,123456,FALSE
Shir Guilleton,voter485@test.com,123456,FALSE
Cherie Matignon,voter486@test.com,123456,FALSE
Minette Duling,voter487@test.com,123456,FALSE
Christophorus Rawlcliffe,voter488@test.com,123456,FALSE
Viviana Grotty,voter489@test.com,123456,FALSE
Lexie Lackner,voter490@test.com,123456,FALSE
Izak Waring,voter491@test.com,123456,FALSE
Tedda Wethered,voter492@test.com,123456,FALSE
Hogan Elnor,voter493@test.com,123456,FALSE
Ursuline Tweed,voter494@test.com,123456,FALSE
Luther Ostrich,voter495@test.com,123456,FALSE
Hussein Phare,voter496@test.com,123456,FALSE
Melisandra Skouling,voter497@test.com,123456,FALSE
Cedric Ipsgrave,voter498@test.com,123456,FALSE
Paco Froom,voter499@test.com,123456,FALSE
Averil Twallin,voter500@test.com,123456,FALSE
Ella Pattrick,voter501@test.com,123456,FALSE
Jard Hirschmann,voter502@test.com,123456,FALSE
Candide Greger,voter503@test.com,123456,FALSE
Chester Minghi,voter504@test.com,123456,FALSE
Trescha Membry,voter505@test.com,123456,FALSE
Drucie Dunbleton,voter506@test.com,123456,FALSE
Saraann Norquay,voter507@test.com,123456,FALSE
Madel D'Ambrogio,voter508@test.com,123456,FALSE
Maximilien Goseling,voter509@test.com,123456,FALSE
Morris Gribbins,voter510@test.com,123456,FALSE
Rickert Chislett,voter511@test.com,123456,FALSE
Jody Foulgham,voter512@test.com,123456,FALSE
Walsh Telling,voter513@test.com,123456,FALSE
Robbin Hanbury,voter514@test.com,123456,FALSE
Jeffie Dadswell,voter515@test.com,123456,FALSE
Ardath Hemphill,voter516@test.com,123456,FALSE
Rakel Mitchenson,voter517@test.com,123456,FALSE
Lindy Lillyman,voter518@test.com,123456,FALSE
Matilda MacGarrity,voter519@test.com,123456,FALSE
Kirsteni MacKinnon,voter520@test.com,123456,FALSE
Joseito Sainthill,voter521@test.com,123456,FALSE
Norbert Willeson,voter522@test.com,123456,FALSE
Koralle Bedow,voter523@test.com,123456,FALSE
Shandy Stocking,voter524@test.com,123456,FALSE
Daryl Flaubert,voter525@test.com,123456,FALSE
Elita Greg,voter526@test.com,123456,FALSE
Beatrix Kettell,voter527@test.com,123456,FALSE
Coraline Oakland,voter528@test.com,123456,FALSE
Leslie Rusk,voter529@test.com,123456,FALSE
Xenia Chatell,voter530@test.com,123456,FALSE
Jodie Whetton,voter531@test.com,123456,FALSE
Nannie Starbuck,voter532@test.com,123456,FALSE
Trevor McAusland,voter533@test.com,123456,FALSE
Darbee Dennington,voter534@test.com,123456,FALSE
Winonah Littlefair,voter535@test.com,123456,FALSE
Wallache Wilcinskis,voter536@test.com,123456,FALSE
Basia Ambrosoli,voter537@test.com,123456,FALSE
Dore Pretti,voter538@test.com,123456,FALSE
Karena Coonan,voter539@test.com,123456,FALSE
Idelle Gilmour,voter540@test.com,123456,FALSE
Devin Ianson,voter541@test.com,123456,FALSE
Trefor Mines,voter542@test.com,123456,FALSE
Carmel Patis,voter543@test.com,123456,FALSE
Bethany Glanert,voter544@test.com,123456,FALSE
Perry Skellington,voter545@test.com,123456,FALSE
Lizbeth Meynell,voter546@test.com,123456,FALSE
Celie Danahar,voter547@test.com,123456,FALSE
Keenan Gerrad,voter548@test.com,123456,FALSE
Caritta Tomashov,voter549@test.com,123456,FALSE
Jo-anne Jeyness,voter550@test.com,123456,FALSE
Guenna Fair,voter551@test.com,123456,FALSE
Calhoun Rushforth,voter552@test.com,123456,FALSE
Shandie Heimann,voter553@test.com,123456,FALSE
Ham Wogden,voter554@test.com,123456,FALSE
Annabella Nijs,voter555@test.com,123456,FALSE
Herrick Buglass,voter556@test.com,123456,FALSE
Jan Bradock,voter557@test.com,123456,FALSE
Oliy Ivanin,voter558@test.com,123456,FALSE
Mame Hoodspeth,voter559@test.com,123456,FALSE
Dougy Conichie,voter560@test.com,123456,FALSE
Tiffy Chaffey,voter561@test.com,123456,FALSE
Bernetta Brain,voter562@test.com,123456,FALSE
Julianna Sparkwill,voter563@test.com,123456,FALSE
Amandy Terney,voter564@test.com,123456,FALSE
Brianna Rudland,voter565@test.com,123456,FALSE
Alphonse Kimmince,voter566@test.com,123456,FALSE
Tallou Whye,voter567@test.com,123456,FALSE
Gallagher Branch,voter568@test.com,123456,FALSE
Ruttger Gorusso,voter569@test.com,123456,FALSE
Carmon Oxbie,voter570@test.com,123456,FALSE
Jannel Paynton,voter571@test.com,123456,FALSE
Douglas Ashfield,voter572@test.com,123456,FALSE
Emmalee Girodin,voter573@test.com,123456,FALSE
Jermain Bowkley,voter574@test.com,123456,FALSE
Robinia Bertson,voter575@test.com,123456,FALSE
Herold Pirdue,voter576@test.com,123456,FALSE
Loralyn Grouvel,voter577@test.com,123456,FALSE
Artur Baltzar,voter578@test.com,123456,FALSE
Edvard Stillmann,voter579@test.com,123456,FALSE
Latrena Heaffey,voter580@test.com,123456,FALSE
Evangelina Fussell,voter581@test.com,123456,FALSE
Linnea Catlin,voter582@test.com,123456,FALSE
Clywd Bigglestone,voter583@test.com,123456,FALSE
Aviva Rigglesford,voter584@test.com,123456,FALSE
Jorey Bacon,voter585@test.com,123456,FALSE
Karita Cheyne,voter586@test.com,123456,FALSE
Elsa Breagan,voter587@test.com,123456,FALSE
Ronny Housegoe,voter588@test.com,123456,FALSE
Michaelina Sidgwick,voter589@test.com,123456,FALSE
Ashby Julian,voter590@test.com,123456,FALSE
Jacquenette Chetter,voter591@test.com,123456,FALSE
Gianna Burnard,voter592@test.com,123456,FALSE
Catriona Ackers,voter593@test.com,123456,FALSE
Roger Lodewick,voter594@test.com,123456,FALSE
Celle Sandcraft,voter595@test.com,123456,FALSE
Scott Dalston,voter596@test.com,123456,FALSE
Tamarra Dominighi,voter597@test.com,123456,FALSE
Russ Traylen,voter598@test.com,123456,FALSE
Annabal Hazeley,voter599@test.com,123456,FALSE
Wayland Di Napoli,voter600@test.com,123456,FALSE
Yuma Nares,voter601@test.com,123456,FALSE
Ermanno Schettini,voter602@test.com,123456,FALSE
Zandra Upson,voter603@test.com,123456,FALSE
Patti Maccaddie,voter604@test.com,123456,FALSE
Ralph Venable,voter605@test.com,123456,FALSE
Ambrosius Tite,voter606@test.com,123456,FALSE
Dorelle Birkmyre,voter607@test.com,123456,FALSE
Rosemarie Wynes,voter608@test.com,123456,FALSE
Yehudit Anders,voter609@test.com,123456,FALSE
Edlin Pruckner,voter610@test.com,123456,FALSE
Udell Rablen,voter611@test.com,123456,FALSE
Anatola Doag,voter612@test.com,123456,FALSE
Seumas Perelli,voter613@test.com,123456,FALSE
Alys Sandon,voter614@test.com,123456,FALSE
Barn Streetley,voter615@test.com,123456,FALSE
Tracey Orsi,voter616@test.com,123456,FALSE
Leeanne Oldfield,voter617@test.com,123456,FALSE
Alvira Gideon,voter618@test.com,123456,FALSE
Orelia Urpeth,voter619@test.com,123456,FALSE
Marmaduke Lazer,voter620@test.com,123456,FALSE
Casandra Pulster,voter621@test.com,123456,FALSE
Currie Copello,voter622@test.com,123456,FALSE
Sunny Albisser,voter623@test.com,123456,FALSE
Inger Stachini,voter624@test.com,123456,FALSE
Kendell Licciardo,voter625@test.com,123456,FALSE
Hadria Worg,voter626@test.com,123456,FALSE
Joyan Paver,voter627@test.com,123456,FALSE
Bernadina Old,voter628@test.com,123456,FALSE
Cookie Pannaman,voter629@test.com,123456,FALSE
Rayna Leftley,voter630@test.com,123456,FALSE
Gustavo Wattisham,voter631@test.com,123456,FALSE
Elvyn Vlasenko,voter632@test.com,123456,FALSE
Maddie Fullerton,voter633@test.com,123456,FALSE
Diarmid Franke,voter634@test.com,123456,FALSE
Myranda Dow,voter635@test.com,123456,FALSE
Laney Brunnen,voter636@test.com,123456,FALSE
Nadeen Sprasen,voter637@test.com,123456,FALSE
Jimmy Carillo,voter638@test.com,123456,FALSE
Gale Lexa,voter639@test.com,123456,FALSE
Morly Balston,voter640@test.com,123456,FALSE
Delmore Andriulis,voter641@test.com,123456,FALSE
Tybi Upham,voter642@test.com,123456,FALSE
Wanids Poulett,voter643@test.com,123456,FALSE
Giustino Josephy,voter644@test.com,123456,FALSE
Yale Coulling,voter645@test.com,123456,FALSE
Melosa Rispin,voter646@test.com,123456,FALSE
Phillie Crown,voter647@test.com,123456,FALSE
Bernadina Bartelot,voter648@test.com,123456,FALSE
Ezmeralda Kytley,voter649@test.com,123456,FALSE
Brade Buckthorpe,voter650@test.com,123456,FALSE
Roxane Fitzer,voter651@test.com,123456,FALSE
Jamil Tynan,voter652@test.com,123456,FALSE
Emeline Whitwell,voter653@test.com,123456,FALSE
Janette Ray,voter654@test.com,123456,FALSE
Alley Daviddi,voter655@test.com,123456,FALSE
Miles Blinckhorne,voter656@test.com,123456,FALSE
Minnnie Royle,voter657@test.com,123456,FALSE
Leesa Kasbye,voter658@test.com,123456,FALSE
Martha Tremolieres,voter659@test.com,123456,FALSE
Dag Glenister,voter660@test.com,123456,FALSE
Gianna Parfett,voter661@test.com,123456,FALSE
Brice Sedgman,voter662@test.com,123456,FALSE
Ricardo Dugald,voter663@test.com,123456,FALSE
Ari Barthod,voter664@test.com,123456,FALSE
Ludovico Keneford,voter665@test.com,123456,FALSE
Saunders Gentric,voter666@test.com,123456,FALSE
Hobie Chisholm,voter667@test.com,123456,FALSE
Alison Ceccoli,voter668@test.com,123456,FALSE
Dene Garman,voter669@test.com,123456,FALSE
Leeland Darbishire,voter670@test.com,123456,FALSE
Fitzgerald Amner,voter671@test.com,123456,FALSE
Wilbur Stampfer,voter672@test.com,123456,FALSE
Pearline Poolton,voter673@test.com,123456,FALSE
Lewes Harnell,voter674@test.com,123456,FALSE
Hillary Bonifant,voter675@test.com,123456,FALSE
Anastasie Traves,voter676@test.com,123456,FALSE
Yuri Kohtler,voter677@test.com,123456,FALSE
Augustine Olphert,voter678@test.com,123456,FALSE
Colver Aspenlon,voter679@test.com,123456,FALSE
Annecorinne Parcall,voter680@test.com,123456,FALSE
Darda Buncom,voter681@test.com,123456,FALSE
Konstanze Mattiessen,voter682@test.com,123456,FALSE
Elke Cornelius,voter683@test.com,123456,FALSE
Worthington Lloyds,voter684@test.com,123456,FALSE
Jenni Abramow,voter685@test.com,123456,FALSE
Corinne Van der Brugge,voter686@test.com,123456,FALSE
Delcina Switland,voter687@test.com,123456,FALSE
Goober Arboine,voter688@test.com,123456,FALSE
Caesar Girardoni,voter689@test.com,123456,FALSE
Myrle Wyvill,voter690@test.com,123456,FALSE
Julienne Cokely,voter691@test.com,123456,FALSE
Derward Topley,voter692@test.com,123456,FALSE
Gerianne Williamson,voter693@test.com,123456,FALSE
Fransisco Struis,voter694@test.com,123456,FALSE
Danette Freeborne,voter695@test.com,123456,FALSE
Aksel Tearle,voter696@test.com,123456,FALSE
Aurora Lydster,voter697@test.com,123456,FALSE
Madelina Whitnall,voter698@test.com,123456,FALSE
Winslow Josupeit,voter699@test.com,123456,FALSE
Haley Arnald,voter700@test.com,123456,FALSE
Wanids Purrier,voter701@test.com,123456,FALSE
Demetria Kiernan,voter702@test.com,123456,FALSE
Shermie Sandey,voter703@test.com,123456,FALSE
Boote Hurd,voter704@test.com,123456,FALSE
Myrwyn Talkington,voter705@test.com,123456,FALSE
Darice Cahan,voter706@test.com,123456,FALSE
Tobin Coker,voter707@test.com,123456,FALSE
Zita Gauvin,voter708@test.com,123456,FALSE
Sidonnie McKeady,voter709@test.com,123456,FALSE
Emmye Goldster,voter710@test.com,123456,FALSE
Benito Roughan,voter711@test.com,123456,FALSE
Cheri Stoller,voter712@test.com,123456,FALSE
Vania Ellershaw,voter713@test.com,123456,FALSE
Terri Sidgwick,voter714@test.com,123456,FALSE
Cherida de Tocqueville,voter715@test.com,123456,FALSE
Rick Cheverell,voter716@test.com,123456,FALSE
Sebastian Cramp,voter717@test.com,123456,FALSE
Inna Treasaden,voter718@test.com,123456,FALSE
Karena Fairbourne,voter719@test.com,123456,FALSE
Molly Crann,voter720@test.com,123456,FALSE
Zeke Decreuze,voter721@test.com,123456,FALSE
Rog Commuzzo,voter722@test.com,123456,FALSE
Caitlin Vowles,voter723@test.com,123456,FALSE
Darcy Dullingham,voter724@test.com,123456,FALSE
Jenn Larmor,voter725@test.com,123456,FALSE
Lamond Swinney,voter726@test.com,123456,FALSE
Molli Everington,voter727@test.com,123456,FALSE
Mandel Gipp,voter728@test.com,123456,FALSE
Ginnie Wrightham,voter729@test.com,123456,FALSE
Nancee Chaize,voter730@test.com,123456,FALSE
Adoree Carnock,voter731@test.com,123456,FALSE
Drusilla Seagar,voter732@test.com,123456,FALSE
Jamaal Leatham,voter733@test.com,123456,FALSE
Jason Label,voter734@test.com,123456,FALSE
Kalil Ironmonger,voter735@test.com,123456,FALSE
Giovanni Dunnett,voter736@test.com,123456,FALSE
Dave Yesinin,voter737@test.com,123456,FALSE
Mayne Tother,voter738@test.com,123456,FALSE
Danette Shepcutt,voter739@test.com,123456,FALSE
Johna Sambell,voter740@test.com,123456,FALSE
Chen Anthiftle,voter741@test.com,123456,FALSE
Constantina Cellone,voter742@test.com,123456,FALSE
Rollins Chevolleau,voter743@test.com,123456,FALSE
Conny Drinkwater,voter744@test.com,123456,FALSE
Curr Nixon,voter745@test.com,123456,FALSE
Clarence Crisford,voter746@test.com,123456,FALSE
Cortie Heinish,voter747@test.com,123456,FALSE
Dalia Cockley,voter748@test.com,123456,FALSE
Nappy Aireton,voter749@test.com,123456,FALSE
Stanislaw Creser,voter750@test.com,123456,FALSE
